"Position","Car Model and Price","Price Per Day","Car Link","Car Image","GPS Icon","Fuel Type Icon","Air Conditioning Icon","Transmission Icon"
1,"AUDI A3 - A PARTIR DE 690 DH","€ 65,00","https://luxtimecars.com/product/audi-a3/","https://luxtimecars.com/wp-content/uploads/2024/05/image00006-1.png","https://luxtimecars.com/wp-content/uploads/2023/05/gps.svg","https://luxtimecars.com/wp-content/uploads/2024/05/diesel-150x150-removebg-preview-1.png","https://luxtimecars.com/wp-content/uploads/2023/05/air-condition.svg","https://luxtimecars.com/wp-content/uploads/2023/05/power-steering.svg"
2,"AUDI A6 - A PARTIR DE 1490 DH","€ 90,00","https://luxtimecars.com/product/audi-a6/","https://luxtimecars.com/wp-content/uploads/2024/05/image00005-1.png","https://luxtimecars.com/wp-content/uploads/2023/05/gps.svg","https://luxtimecars.com/wp-content/uploads/2024/05/diesel-150x150-removebg-preview-1.png","https://luxtimecars.com/wp-content/uploads/2023/05/air-condition.svg","https://luxtimecars.com/wp-content/uploads/2023/05/power-steering.svg"
3,"AUDI Q8 - A PARTIR DE 1790 DH","€ 270,00","https://luxtimecars.com/product/audi-q8/","https://luxtimecars.com/wp-content/uploads/2024/05/IMG_1129.webp","https://luxtimecars.com/wp-content/uploads/2023/05/gps.svg","https://luxtimecars.com/wp-content/uploads/2024/05/diesel-150x150-removebg-preview-1.png","https://luxtimecars.com/wp-content/uploads/2023/05/air-condition.svg","https://luxtimecars.com/wp-content/uploads/2023/05/power-steering.svg"
4,"BMW X5 - A PARTIR 3490 DH","€ 350,00","https://luxtimecars.com/product/bmw-x5/","https://luxtimecars.com/wp-content/uploads/2024/05/IMG_1148.webp","https://luxtimecars.com/wp-content/uploads/2023/05/gps.svg","https://luxtimecars.com/wp-content/uploads/2024/05/diesel-150x150-removebg-preview-1.png","https://luxtimecars.com/wp-content/uploads/2023/05/air-condition.svg","https://luxtimecars.com/wp-content/uploads/2023/05/power-steering.svg"
5,"DACIA DUSTER 4*4 - A PARTIR DE 350 DH","€ 28,00","https://luxtimecars.com/product/duster-automatique-2022-4x4/","https://luxtimecars.com/wp-content/uploads/2024/05/location-dacia-duster-660x430-1.webp","https://luxtimecars.com/wp-content/uploads/2023/05/gps.svg","https://luxtimecars.com/wp-content/uploads/2024/05/diesel-150x150-removebg-preview-1.png","https://luxtimecars.com/wp-content/uploads/2023/05/air-condition.svg","https://luxtimecars.com/wp-content/uploads/2023/05/power-steering.svg"
6,"DACIA JOGGER - A PARTIR DE 350 DH","€ 35,00","https://luxtimecars.com/product/dacia-lodgy/","https://luxtimecars.com/wp-content/uploads/2024/05/dacia_23joggerextreme7pmp1fb_noirnacre.webp","https://luxtimecars.com/wp-content/uploads/2023/05/power-steering.svg","https://luxtimecars.com/wp-content/uploads/2023/05/gps.svg","https://luxtimecars.com/wp-content/uploads/2024/05/diesel-150x150-removebg-preview-1.png","https://luxtimecars.com/wp-content/uploads/2023/05/air-condition.svg"
7,"DACIA LOGAN - A PARTIR DE 190 DH","€ 20,00","https://luxtimecars.com/product/dacia-logan/","https://luxtimecars.com/wp-content/uploads/2024/05/JiRNGocgD2jqDjNSvDk3.webp","https://luxtimecars.com/wp-content/uploads/2023/05/power-steering.svg","https://luxtimecars.com/wp-content/uploads/2023/05/gps.svg","https://luxtimecars.com/wp-content/uploads/2024/05/diesel-150x150-removebg-preview-1.png","https://luxtimecars.com/wp-content/uploads/2023/05/air-condition.svg"
8,"DACIA LOGAN BVA - A PARTIR DE 250 DH","€ 25,00","https://luxtimecars.com/product/dacia-logan-bva/","https://luxtimecars.com/wp-content/uploads/2024/05/JiRNGocgD2jqDjNSvDk3.webp","https://luxtimecars.com/wp-content/uploads/2023/05/gps.svg","https://luxtimecars.com/wp-content/uploads/2024/05/diesel-150x150-removebg-preview-1.png","https://luxtimecars.com/wp-content/uploads/2023/05/air-condition.svg","https://luxtimecars.com/wp-content/uploads/2023/05/power-steering.svg"
9,"DACIA STEPWAY - A PARTIR DE 250 DH","€ 20,00","https://luxtimecars.com/product/dacia-sandero-automatique/","https://luxtimecars.com/wp-content/uploads/2024/05/S8pCSaoJTuUO1TAt6URe.webp","https://luxtimecars.com/wp-content/uploads/2023/05/power-steering.svg","https://luxtimecars.com/wp-content/uploads/2023/05/gps.svg","https://luxtimecars.com/wp-content/uploads/2024/05/diesel-150x150-removebg-preview-1.png","https://luxtimecars.com/wp-content/uploads/2023/05/air-condition.svg"
10,"FIAT 500 - A PARTIR DE 350 DH","€ 35,00","https://luxtimecars.com/product/fiat-500-cabriolet/","https://luxtimecars.com/wp-content/uploads/2024/05/image00001-1.png","https://luxtimecars.com/wp-content/uploads/2023/05/gps.svg","https://luxtimecars.com/wp-content/uploads/2024/05/diesel-150x150-removebg-preview-1.png","https://luxtimecars.com/wp-content/uploads/2023/05/air-condition.svg","https://luxtimecars.com/wp-content/uploads/2023/05/power-steering.svg"
11,"HYUNDAI ACCENT - A PARTIR DE 290 DH","€ 28,00","https://luxtimecars.com/product/hyundai-santafe/","https://luxtimecars.com/wp-content/uploads/2024/05/image00003-1.png","https://luxtimecars.com/wp-content/uploads/2023/05/gps.svg","https://luxtimecars.com/wp-content/uploads/2024/05/diesel-150x150-removebg-preview-1.png","https://luxtimecars.com/wp-content/uploads/2023/05/air-condition.svg","https://luxtimecars.com/wp-content/uploads/2023/05/power-steering.svg"
12,"HYUNDAI I10 - A PARTIR DE 290 DH","€ 31,00","https://luxtimecars.com/product/hyundai-i10/","https://luxtimecars.com/wp-content/uploads/2024/05/1636444820_Hyundai-i10.png","https://luxtimecars.com/wp-content/uploads/2023/05/gps.svg","https://luxtimecars.com/wp-content/uploads/2024/05/diesel-150x150-removebg-preview-1.png","https://luxtimecars.com/wp-content/uploads/2023/05/air-condition.svg","https://luxtimecars.com/wp-content/uploads/2023/05/power-steering.svg"
13,"HYUNDAI TUCSON - A PARTIR DE 490 DH","€ 87,00","https://luxtimecars.com/product/hyundai-tucson/","https://luxtimecars.com/wp-content/uploads/2024/05/image00002-1.png","https://luxtimecars.com/wp-content/uploads/2023/05/gps.svg","https://luxtimecars.com/wp-content/uploads/2024/05/diesel-150x150-removebg-preview-1.png","https://luxtimecars.com/wp-content/uploads/2023/05/air-condition.svg","https://luxtimecars.com/wp-content/uploads/2023/05/power-steering.svg"
14,"MERCEDES CLASSE A - A PARTIR DE 990 DH","€ 296,00","https://luxtimecars.com/product/mercedes-classe-a/","https://luxtimecars.com/wp-content/uploads/2024/05/IMG_1138.webp","https://luxtimecars.com/wp-content/uploads/2023/05/gps.svg","https://luxtimecars.com/wp-content/uploads/2024/05/diesel-150x150-removebg-preview-1.png","https://luxtimecars.com/wp-content/uploads/2023/05/air-condition.svg","https://luxtimecars.com/wp-content/uploads/2023/05/power-steering.svg"
15,"MERCEDES CLASSE CLA - A PARTIR 1090 DH","€ 299,00","https://luxtimecars.com/product/mercedes-classe-cla/","https://luxtimecars.com/wp-content/uploads/2024/05/image00003.png","https://luxtimecars.com/wp-content/uploads/2023/05/gps.svg","https://luxtimecars.com/wp-content/uploads/2024/05/diesel-150x150-removebg-preview-1.png","https://luxtimecars.com/wp-content/uploads/2023/05/air-condition.svg","https://luxtimecars.com/wp-content/uploads/2023/05/power-steering.svg"
16,"MERCEDES CLASSE G - A PARTIR DE 7490 DH","€ 198,00","https://luxtimecars.com/product/mercedes-classe-g/","https://luxtimecars.com/wp-content/uploads/2024/05/image00004-1.jpeg","https://luxtimecars.com/wp-content/uploads/2023/05/gps.svg","https://luxtimecars.com/wp-content/uploads/2024/05/diesel-150x150-removebg-preview-1.png","https://luxtimecars.com/wp-content/uploads/2023/05/air-condition.svg","https://luxtimecars.com/wp-content/uploads/2023/05/power-steering.svg"
17,"MERCEDES CLASSE S - A PARTIR DE 3990 DH","€ 280,00","https://luxtimecars.com/product/mercedes-classe-s/","https://luxtimecars.com/wp-content/uploads/2024/05/image00001-3.png","https://luxtimecars.com/wp-content/uploads/2023/05/gps.svg","https://luxtimecars.com/wp-content/uploads/2024/05/diesel-150x150-removebg-preview-1.png","https://luxtimecars.com/wp-content/uploads/2023/05/air-condition.svg","https://luxtimecars.com/wp-content/uploads/2023/05/power-steering.svg"
18,"MERCEDES CLASSE V - A PARTIR DE 1990 DH","€ 229,00","https://luxtimecars.com/product/mercedes-classe-v/","https://luxtimecars.com/wp-content/uploads/2024/05/favpng_mercedes-v-class-minivan-mercedes-benz-vito-mercedes-benz-viano.png","https://luxtimecars.com/wp-content/uploads/2023/05/gps.svg","https://luxtimecars.com/wp-content/uploads/2024/05/diesel-150x150-removebg-preview-1.png","https://luxtimecars.com/wp-content/uploads/2023/05/air-condition.svg","https://luxtimecars.com/wp-content/uploads/2023/05/power-steering.svg"
19,"PEUGEOT 208 - A PARTIR DE 250 DH","€ 24,00","https://luxtimecars.com/product/peugeot-208/","https://luxtimecars.com/wp-content/uploads/2024/05/IMG_1141.webp","https://luxtimecars.com/wp-content/uploads/2023/05/power-steering.svg","https://luxtimecars.com/wp-content/uploads/2023/05/gps.svg","https://luxtimecars.com/wp-content/uploads/2024/05/diesel-150x150-removebg-preview-1.png","https://luxtimecars.com/wp-content/uploads/2023/05/air-condition.svg"
20,"PEUGEOT 3008 BVA - A PARTIR DE 390 DH","€ 69,00","https://luxtimecars.com/product/peugeot-3008-bva/","https://luxtimecars.com/wp-content/uploads/2024/05/IMG_1151.webp","https://luxtimecars.com/wp-content/uploads/2023/05/gps.svg","https://luxtimecars.com/wp-content/uploads/2024/05/diesel-150x150-removebg-preview-1.png","https://luxtimecars.com/wp-content/uploads/2023/05/air-condition.svg","https://luxtimecars.com/wp-content/uploads/2023/05/power-steering.svg"
21,"PEUGEOT 301 - A PARTIR DE 250 DH","€ 20,00","https://luxtimecars.com/product/peugeot-301/","https://luxtimecars.com/wp-content/uploads/2024/05/image00002-2.png","https://luxtimecars.com/wp-content/uploads/2023/05/power-steering.svg","https://luxtimecars.com/wp-content/uploads/2023/05/gps.svg","https://luxtimecars.com/wp-content/uploads/2024/05/diesel-150x150-removebg-preview-1.png","https://luxtimecars.com/wp-content/uploads/2023/05/air-condition.svg"
22,"PORSCHE MACAN - A PARTIR DE 1490 DH","€ 139,00","https://luxtimecars.com/product/porsche-macan/","https://luxtimecars.com/wp-content/uploads/2024/05/Volkswagen-Porshe_macan_s-1.webp","https://luxtimecars.com/wp-content/uploads/2023/05/gps.svg","https://luxtimecars.com/wp-content/uploads/2024/05/diesel-150x150-removebg-preview-1.png","https://luxtimecars.com/wp-content/uploads/2023/05/air-condition.svg","https://luxtimecars.com/wp-content/uploads/2023/05/power-steering.svg"
23,"RANGE ROVER EVOQUE - A PARTIR DE 990 DH","€ 98,00","https://luxtimecars.com/product/renge-rover-evoque/","https://luxtimecars.com/wp-content/uploads/2024/05/IMG_1145.webp","https://luxtimecars.com/wp-content/uploads/2023/05/gps.svg","https://luxtimecars.com/wp-content/uploads/2024/05/diesel-150x150-removebg-preview-1.png","https://luxtimecars.com/wp-content/uploads/2023/05/air-condition.svg","https://luxtimecars.com/wp-content/uploads/2023/05/power-steering.svg"
24,"RANGE ROVER SPORT - A PARTIR DE 3990 DH","€ 278,00","https://luxtimecars.com/product/range-rover-sport/","https://luxtimecars.com/wp-content/uploads/2024/05/IMG_1156.webp","https://luxtimecars.com/wp-content/uploads/2023/05/gps.svg","https://luxtimecars.com/wp-content/uploads/2024/05/diesel-150x150-removebg-preview-1.png","https://luxtimecars.com/wp-content/uploads/2023/05/air-condition.svg","https://luxtimecars.com/wp-content/uploads/2023/05/power-steering.svg"
25,"RANGE ROVER VOGUE - A PARTIR DE 3990 DH","€ 239,00","https://luxtimecars.com/product/range-rover-vogue/","https://luxtimecars.com/wp-content/uploads/2024/05/image00003-2.png","https://luxtimecars.com/wp-content/uploads/2023/05/gps.svg","https://luxtimecars.com/wp-content/uploads/2024/05/diesel-150x150-removebg-preview-1.png","https://luxtimecars.com/wp-content/uploads/2023/05/air-condition.svg","https://luxtimecars.com/wp-content/uploads/2023/05/power-steering.svg"
26,"RENAULT CAPTUR - A PARTIR DE 290 DH","€ 34,00","https://luxtimecars.com/product/renault-captur/","https://luxtimecars.com/wp-content/uploads/2024/05/principal.png","https://luxtimecars.com/wp-content/uploads/2023/05/power-steering.svg","https://luxtimecars.com/wp-content/uploads/2023/05/gps.svg","https://luxtimecars.com/wp-content/uploads/2024/05/diesel-150x150-removebg-preview-1.png","https://luxtimecars.com/wp-content/uploads/2023/05/air-condition.svg"
27,"RENAULT CLIO 5 - A PARTIR DE 290 DH","€ 21,00","https://luxtimecars.com/product/clio-5/","https://luxtimecars.com/wp-content/uploads/2024/05/renault-clio-1710568997-1.png","https://luxtimecars.com/wp-content/uploads/2023/05/power-steering.svg","https://luxtimecars.com/wp-content/uploads/2023/05/gps.svg","https://luxtimecars.com/wp-content/uploads/2024/05/diesel-150x150-removebg-preview-1.png","https://luxtimecars.com/wp-content/uploads/2023/05/air-condition.svg"
28,"RENAULT CLIO 5 BVA - A PARTIR DE 290 DH","€ 21,00","https://luxtimecars.com/product/renault-clio-5-bva/","https://luxtimecars.com/wp-content/uploads/2024/05/renault-clio-1710568997-1.png","https://luxtimecars.com/wp-content/uploads/2023/05/gps.svg","https://luxtimecars.com/wp-content/uploads/2024/05/diesel-150x150-removebg-preview-1.png","https://luxtimecars.com/wp-content/uploads/2023/05/air-condition.svg","https://luxtimecars.com/wp-content/uploads/2023/05/power-steering.svg"
29,"RENAULT EXPRESS - A PARTIR DE 240 DH","€ 24,00","https://luxtimecars.com/product/dacia-dokker/","https://luxtimecars.com/wp-content/uploads/2024/05/RENAULT-EXPRESS-5PL-Koto-1.webp","https://luxtimecars.com/wp-content/uploads/2023/05/power-steering.svg","https://luxtimecars.com/wp-content/uploads/2023/05/gps.svg","https://luxtimecars.com/wp-content/uploads/2024/05/diesel-150x150-removebg-preview-1.png","https://luxtimecars.com/wp-content/uploads/2023/05/air-condition.svg"
30,"RENAULT MEGANE BVA - A PARTIR DE 290 DH","€ 30,00","https://luxtimecars.com/product/megane-bva/","https://luxtimecars.com/wp-content/uploads/2024/05/location-renault-megane-img.png","https://luxtimecars.com/wp-content/uploads/2023/05/gps.svg","https://luxtimecars.com/wp-content/uploads/2024/05/diesel-150x150-removebg-preview-1.png","https://luxtimecars.com/wp-content/uploads/2023/05/air-condition.svg","https://luxtimecars.com/wp-content/uploads/2023/05/power-steering.svg"
31,"VOLKSWAGEN GOLF 8 - A PARTIR DE 650 DH","€ 65,00","https://luxtimecars.com/product/volkswagen-golf-8/","https://luxtimecars.com/wp-content/uploads/2024/05/image00002.png","https://luxtimecars.com/wp-content/uploads/2023/05/gps.svg","https://luxtimecars.com/wp-content/uploads/2024/05/diesel-150x150-removebg-preview-1.png","https://luxtimecars.com/wp-content/uploads/2023/05/air-condition.svg","https://luxtimecars.com/wp-content/uploads/2023/05/power-steering.svg"
32,"VOLKSWAGEN PASSAT BVA - A PARTIR DE 650 DH","€ 79,00","https://luxtimecars.com/product/passat-bva/","https://luxtimecars.com/wp-content/uploads/2024/05/IMG_1140.webp","https://luxtimecars.com/wp-content/uploads/2023/05/gps.svg","https://luxtimecars.com/wp-content/uploads/2024/05/diesel-150x150-removebg-preview-1.png","https://luxtimecars.com/wp-content/uploads/2023/05/air-condition.svg","https://luxtimecars.com/wp-content/uploads/2023/05/power-steering.svg"
33,"VOLKSWAGEN TOUAREG - A PARTIR DE 990 DH","€ 109,00","https://luxtimecars.com/product/volkswagen-touareg/","https://luxtimecars.com/wp-content/uploads/2024/05/IMG_1123.webp","https://luxtimecars.com/wp-content/uploads/2023/05/gps.svg","https://luxtimecars.com/wp-content/uploads/2024/05/diesel-150x150-removebg-preview-1.png","https://luxtimecars.com/wp-content/uploads/2023/05/air-condition.svg","https://luxtimecars.com/wp-content/uploads/2023/05/power-steering.svg"
34,"VOLKSWAGEN TROC - A PARTIR DE 650 DH","€ 99,00","https://luxtimecars.com/product/volkswagen-troc/","https://luxtimecars.com/wp-content/uploads/2024/05/image00005.png","https://luxtimecars.com/wp-content/uploads/2023/05/gps.svg","https://luxtimecars.com/wp-content/uploads/2024/05/diesel-150x150-removebg-preview-1.png","https://luxtimecars.com/wp-content/uploads/2023/05/air-condition.svg","https://luxtimecars.com/wp-content/uploads/2023/05/power-steering.svg"
